{
    "0": {
        "accuracy": 0.0,
        "avg_joules": 4.264453222749806,
        "battery": 37352.700000000004,
        "comm_latency": 5.470907643379839,
        "delta_infer_battery": 16.5996742400199,
        "delta_train_battery": 25.508192783453225,
        "inference_latency": 1.0445088828631737,
        "last_round": 0,
        "max_battery": 48510.0,
        "min_battery": 16978.5,
        "times_selected": 0,
        "total_inference_latency": 6.515416526243012,
        "total_train_latency": 8.60443429196936,
        "train_latency": 3.133526648589521,
        "trans_prob": 1,
        "utility": 37352.700000000004
    },
    "1": {
        "accuracy": 0.0,
        "avg_joules": 4.23357530908584,
        "battery": 22730.399999999998,
        "comm_latency": 5.525782656530641,
        "delta_infer_battery": 28.309724686451723,
        "delta_train_battery": 60.39469906435912,
        "inference_latency": 3.789347305225514,
        "last_round": 0,
        "max_battery": 55440.0,
        "min_battery": 19404.0,
        "times_selected": 0,
        "total_inference_latency": 9.315129961756154,
        "total_train_latency": 16.893824572207183,
        "train_latency": 11.368041915676542,
        "trans_prob": 1,
        "utility": 22730.399999999998
    },
    "2": {
        "accuracy": 0.0,
        "avg_joules": 4.909321760398379,
        "battery": 41718.6,
        "comm_latency": 5.292352520242429,
        "delta_infer_battery": 11.757870970290833,
        "delta_train_battery": 11.775567720996113,
        "inference_latency": 0.0018023620745367178,
        "last_round": 0,
        "max_battery": 48510.0,
        "min_battery": 16978.5,
        "times_selected": 0,
        "total_inference_latency": 5.294154882316966,
        "total_train_latency": 5.297759606466039,
        "train_latency": 0.005407086223610153,
        "trans_prob": 1,
        "utility": 41718.6
    },
    "3": {
        "accuracy": 0.0,
        "avg_joules": 3.3663209998842456,
        "battery": 46084.5,
        "comm_latency": 5.144981159022785,
        "delta_infer_battery": 12.258633256848535,
        "delta_train_battery": 13.932183424484439,
        "inference_latency": 0.24857257636652152,
        "last_round": 0,
        "max_battery": 48510.0,
        "min_battery": 16978.5,
        "times_selected": 0,
        "total_inference_latency": 5.393553735389307,
        "total_train_latency": 5.890698888122349,
        "train_latency": 0.7457177290995646,
        "trans_prob": 1,
        "utility": 46084.5
    },
    "4": {
        "accuracy": 0.0,
        "avg_joules": 4.590107079822982,
        "battery": 23839.2,
        "comm_latency": 5.991437787694187,
        "delta_infer_battery": 14.6889245959982,
        "delta_train_battery": 17.464790010632413,
        "inference_latency": 0.30237479936320605,
        "last_round": 0,
        "max_battery": 55440.0,
        "min_battery": 19404.0,
        "times_selected": 0,
        "total_inference_latency": 6.293812587057393,
        "total_train_latency": 6.898562185783804,
        "train_latency": 0.9071243980896182,
        "trans_prob": 1,
        "utility": 23839.2
    },
    "5": {
        "accuracy": 0.0,
        "avg_joules": 4.110916699242213,
        "battery": 27720.0,
        "comm_latency": 6.086032348267855,
        "delta_infer_battery": 14.372311904138712,
        "delta_train_battery": 16.094952086106854,
        "inference_latency": 0.20952020048055062,
        "last_round": 0,
        "max_battery": 55440.0,
        "min_battery": 19404.0,
        "times_selected": 0,
        "total_inference_latency": 6.295552548748406,
        "total_train_latency": 6.714592949709507,
        "train_latency": 0.6285606014416518,
        "trans_prob": 1,
        "utility": 27720.0
    },
    "6": {
        "accuracy": 0.0,
        "avg_joules": 3.010105532798753,
        "battery": 46569.6,
        "comm_latency": 5.096315161488895,
        "delta_infer_battery": 11.490300086850997,
        "delta_train_battery": 11.8432609435423,
        "inference_latency": 0.05862931595676039,
        "last_round": 0,
        "max_battery": 48510.0,
        "min_battery": 16978.5,
        "times_selected": 0,
        "total_inference_latency": 5.154944477445655,
        "total_train_latency": 5.272203109359176,
        "train_latency": 0.17588794787028117,
        "trans_prob": 1,
        "utility": 46569.6
    },
    "7": {
        "accuracy": 0.0,
        "avg_joules": 3.8627418184306785,
        "battery": 38808.0,
        "comm_latency": 5.546034756407592,
        "delta_infer_battery": 16.573730671593744,
        "delta_train_battery": 25.096797696331514,
        "inference_latency": 1.1032405769485842,
        "last_round": 0,
        "max_battery": 48510.0,
        "min_battery": 16978.5,
        "times_selected": 0,
        "total_inference_latency": 6.649275333356177,
        "total_train_latency": 8.855756487253345,
        "train_latency": 3.3097217308457525,
        "trans_prob": 1,
        "utility": 38808.0
    },
    "8": {
        "accuracy": 0.0,
        "avg_joules": 4.747437002495573,
        "battery": 37352.700000000004,
        "comm_latency": 5.172751336997055,
        "delta_infer_battery": 18.31961998546441,
        "delta_train_battery": 31.991844020126308,
        "inference_latency": 1.43995844783984,
        "last_round": 0,
        "max_battery": 48510.0,
        "min_battery": 16978.5,
        "times_selected": 0,
        "total_inference_latency": 6.612709784836895,
        "total_train_latency": 9.492626680516576,
        "train_latency": 4.31987534351952,
        "trans_prob": 1,
        "utility": 37352.700000000004
    },
    "9": {
        "accuracy": 0.0,
        "avg_joules": 4.638592255284939,
        "battery": 51004.8,
        "comm_latency": 6.124778343974516,
        "delta_infer_battery": 33.473384382202404,
        "delta_train_battery": 73.22613729936036,
        "inference_latency": 4.285001863643653,
        "last_round": 0,
        "max_battery": 55440.0,
        "min_battery": 19404.0,
        "times_selected": 0,
        "total_inference_latency": 10.40978020761817,
        "total_train_latency": 18.979783934905477,
        "train_latency": 12.85500559093096,
        "trans_prob": 1,
        "utility": 51004.8
    },
    "10": {
        "accuracy": 0.0,
        "avg_joules": 3.615851461738801,
        "battery": 18295.2,
        "comm_latency": 5.530738457786592,
        "delta_infer_battery": 16.76239916966587,
        "delta_train_battery": 25.730718756425144,
        "inference_latency": 1.240139380953243,
        "last_round": 0,
        "max_battery": 55440.0,
        "min_battery": 19404.0,
        "times_selected": 0,
        "total_inference_latency": 6.770877838739835,
        "total_train_latency": 9.251156600646322,
        "train_latency": 3.7204181428597294,
        "trans_prob": 1,
        "utility": 18295.2
    },
    "11": {
        "accuracy": 0.0,
        "avg_joules": 3.8670067739476552,
        "battery": 43659.0,
        "comm_latency": 5.2161325889918455,
        "delta_infer_battery": 36.05239861261302,
        "delta_train_battery": 84.99756714271525,
        "inference_latency": 6.3285599678606586,
        "last_round": 0,
        "max_battery": 48510.0,
        "min_battery": 16978.5,
        "times_selected": 0,
        "total_inference_latency": 11.544692556852503,
        "total_train_latency": 24.201812492573822,
        "train_latency": 18.985679903581975,
        "trans_prob": 1,
        "utility": 43659.0
    },
    "12": {
        "accuracy": 0.0,
        "avg_joules": 2.203577490454025,
        "battery": 24255.0,
        "comm_latency": 5.805736813291063,
        "delta_infer_battery": 14.46279134687976,
        "delta_train_battery": 17.610902589626956,
        "inference_latency": 0.7143182521116058,
        "last_round": 0,
        "max_battery": 69300.0,
        "min_battery": 24255.0,
        "times_selected": 0,